id,الاسم,اللقب,التخصص,السنة
1,عبد الله,بولعراس,الحقوق,السنة الثالثة
2,نور,براهيمي,الرياضيات التطبيقية,السنة الثانية
3,أنور,عبد القادر,الإلكترونيات,السنة الرابعة
4,ليلى,بوخدة,نظم المعلومات,السنة الثالثة
5,يوسف,بن حسان,الهندسة المدنية,السنة الأولى
6,محمد,بن يوسف,الإلكترونيات,السنة الثالثة
7,ليلى,حمودي,الحقوق,السنة الأولى
8,أمين,براهيمي,الاقتصاد,السنة الأولى
9,أمين,بن حسان,الرياضيات التطبيقية,السنة الأولى
10,هند,زاوي,الرياضيات التطبيقية,السنة الثالثة
11,سمير,بوطالب,الرياضيات التطبيقية,السنة الأولى
12,أنور,براهيمي,نظم المعلومات,السنة الثانية
13,سليم,براهيمي,الحقوق,السنة الأولى
14,سعاد,بن عيسى,الهندسة المدنية,السنة الثالثة
15,أمين,بولعراس,الحقوق,السنة الأولى
16,سارة,تومي,نظم المعلومات,السنة الثالثة
17,سارة,تومي,الحقوق,السنة الثالثة
18,خديجة,بوطالب,الإلكترونيات,السنة الأولى
19,إيناس,بوخاري,الرياضيات التطبيقية,السنة الثانية
20,سليم,عبد القادر,الحقوق,السنة الأولى
21,ياسمين,بوخدة,الاقتصاد,السنة الرابعة
22,مروان,زاوي,العلوم السياسية,السنة الثالثة
23,خديجة,بن حسان,الرياضيات التطبيقية,السنة الأولى
24,إيناس,براهيمي,العلوم السياسية,السنة الرابعة
25,أمين,براهيمي,العلوم السياسية,السنة الثانية
26,سعاد,بوشارب,علوم الحاسوب,السنة الثانية
27,ياسمين,دوادي,نظم المعلومات,السنة الرابعة
28,سمير,بن يوسف,الإلكترونيات,السنة الثانية
29,آمنة,مرابط,اللغة العربية,السنة الثانية
30,أنور,بن حسان,الذكاء الاصطناعي,السنة الثانية
31,ليلى,بن حسان,الرياضيات التطبيقية,السنة الثانية
32,مروان,بن يوسف,العلوم السياسية,السنة الثانية
33,سعاد,بوخدة,الحقوق,السنة الأولى
34,سليم,حمودي,اللغة العربية,السنة الثالثة
35,خديجة,بن عيسى,اللغة العربية,السنة الثالثة
36,أحمد,حمودي,الذكاء الاصطناعي,السنة الثالثة
37,نور,حمودي,نظم المعلومات,السنة الرابعة
38,أنور,بوخاري,الحقوق,السنة الثالثة
39,خديجة,بولعراس,الاقتصاد,السنة الثالثة
40,آمنة,قريشي,الإلكترونيات,السنة الثانية
41,هند,بوشارب,الحقوق,السنة الثالثة
42,سارة,بوخدة,الرياضيات التطبيقية,السنة الرابعة
43,مروان,بوخدة,اللغة العربية,السنة الثانية
44,نور,عبد القادر,علوم الحاسوب,السنة الثانية
45,ليلى,بلعربي,نظم المعلومات,السنة الرابعة
46,عبد الله,بوشارب,الاقتصاد,السنة الأولى
47,خديجة,بوخدة,العلوم السياسية,السنة الثانية
48,إيناس,مرابط,اللغة العربية,السنة الرابعة
49,محمد,بن يوسف,الإلكترونيات,السنة الثانية
50,هند,زاوي,الهندسة المدنية,السنة الأولى
51,هند,دوادي,اللغة العربية,السنة الأولى
52,ياسمين,بوخدة,الحقوق,السنة الأولى
53,سعاد,بن حسان,نظم المعلومات,السنة الثانية
54,ياسمين,سليماني,الإلكترونيات,السنة الرابعة
55,أمين,حمودي,اللغة العربية,السنة الثالثة
56,يوسف,بن حسان,الرياضيات التطبيقية,السنة الثانية
57,أمين,بن عيسى,الحقوق,السنة الأولى
58,إيناس,بولعراس,الذكاء الاصطناعي,السنة الأولى
59,مروان,قاسمي,الحقوق,السنة الرابعة
60,خديجة,عاشور,نظم المعلومات,السنة الرابعة
61,سارة,بوشارب,الحقوق,السنة الرابعة
62,آمنة,براهيمي,الحقوق,السنة الثانية
63,آمنة,بن عيسى,العلوم السياسية,السنة الأولى
64,سعاد,براهيمي,اللغة العربية,السنة الأولى
65,عبد الله,عبد القادر,العلوم السياسية,السنة الأولى
66,هند,سليماني,علوم الحاسوب,السنة الأولى
67,كريم,براهيمي,الرياضيات التطبيقية,السنة الأولى
68,سعاد,بولعراس,اللغة العربية,السنة الأولى
69,سارة,براهيمي,نظم المعلومات,السنة الثالثة
70,كريم,بن عيسى,الذكاء الاصطناعي,السنة الأولى
71,أحمد,بن عيسى,الرياضيات التطبيقية,السنة الأولى
72,عبد الله,حمودي,الهندسة المدنية,السنة الثالثة
73,إيناس,مرابط,الإلكترونيات,السنة الثانية
74,ياسمين,بن يوسف,الحقوق,السنة الأولى
75,أمين,بوطالب,الذكاء الاصطناعي,السنة الأولى
76,فاطمة,تومي,الهندسة المدنية,السنة الثالثة
77,أنور,بوخدة,علوم الحاسوب,السنة الثانية
78,محمد,بولعراس,الهندسة المدنية,السنة الأولى
79,مروان,تومي,اللغة العربية,السنة الثالثة
80,أمين,بوشارب,الذكاء الاصطناعي,السنة الثانية
81,آمنة,حمودي,علوم الحاسوب,السنة الرابعة
82,ليلى,بن عيسى,علوم الحاسوب,السنة الثالثة
83,نور,بوشارب,نظم المعلومات,السنة الثالثة
84,آمنة,بلعربي,الاقتصاد,السنة الثانية
85,سليم,بوخدة,العلوم السياسية,السنة الأولى
86,عبد الله,مرابط,الذكاء الاصطناعي,السنة الثانية
87,يوسف,عبد القادر,الذكاء الاصطناعي,السنة الثالثة
88,إيناس,دوادي,علوم الحاسوب,السنة الثانية
89,أحمد,زاوي,الحقوق,السنة الأولى
90,أنور,عبد القادر,العلوم السياسية,السنة الأولى
91,ليلى,مرابط,الإلكترونيات,السنة الثانية
92,سعاد,مرابط,الإلكترونيات,السنة الثالثة
93,نور,بوشارب,الذكاء الاصطناعي,السنة الأولى
94,سعاد,سليماني,الرياضيات التطبيقية,السنة الأولى
95,سليم,سليماني,الهندسة المدنية,السنة الأولى
96,ياسمين,براهيمي,الحقوق,السنة الرابعة
97,كريم,دوادي,العلوم السياسية,السنة الثانية
98,نور,بلعربي,نظم المعلومات,السنة الرابعة
99,ياسمين,عاشور,العلوم السياسية,السنة الثالثة
100,سعاد,بوطالب,الهندسة المدنية,السنة الأولى
101,عبد الله,حمودي,الإلكترونيات,السنة الثانية
102,نور,مرابط,الاقتصاد,السنة الأولى
103,خديجة,قريشي,الرياضيات التطبيقية,السنة الثالثة
104,سمير,بن يوسف,الاقتصاد,السنة الثانية
105,مروان,بوشارب,علوم الحاسوب,السنة الثالثة
106,مروان,بن حسان,نظم المعلومات,السنة الثالثة
107,ياسمين,بوخدة,نظم المعلومات,السنة الأولى
108,محمد,دوادي,العلوم السياسية,السنة الثانية
109,آمنة,براهيمي,علوم الحاسوب,السنة الثانية
110,خديجة,براهيمي,الرياضيات التطبيقية,السنة الرابعة
111,ليلى,عبد القادر,علوم الحاسوب,السنة الثالثة
112,سمير,عاشور,الحقوق,السنة الثالثة
113,ليلى,عاشور,اللغة العربية,السنة الأولى
114,أمين,بوخدة,العلوم السياسية,السنة الثانية
115,فاطمة,عاشور,الحقوق,السنة الرابعة
116,يوسف,عبد القادر,الهندسة المدنية,السنة الثانية
117,فاطمة,عبد القادر,الهندسة المدنية,السنة الأولى
118,فاطمة,دوادي,نظم المعلومات,السنة الثانية
119,أمين,مرابط,الذكاء الاصطناعي,السنة الرابعة
120,مروان,بن عيسى,علوم الحاسوب,السنة الثانية
121,سليم,سليماني,اللغة العربية,السنة الأولى
122,سليم,تومي,العلوم السياسية,السنة الثالثة
123,ياسمين,دوادي,الذكاء الاصطناعي,السنة الأولى
124,آمنة,بوشارب,نظم المعلومات,السنة الرابعة
125,أنور,بولعراس,نظم المعلومات,السنة الثانية
126,أنور,سليماني,الاقتصاد,السنة الرابعة
127,عبد الله,بوشارب,الاقتصاد,السنة الثانية
128,محمد,بولعراس,العلوم السياسية,السنة الرابعة
129,مروان,تومي,نظم المعلومات,السنة الرابعة
130,أحمد,مرابط,العلوم السياسية,السنة الرابعة
131,مروان,حمودي,اللغة العربية,السنة الثالثة
132,آمنة,بن حسان,نظم المعلومات,السنة الأولى
133,سليم,بوخاري,الإلكترونيات,السنة الثانية
134,كريم,مرابط,الهندسة المدنية,السنة الثالثة
135,مروان,بوخاري,علوم الحاسوب,السنة الثانية
136,سمير,عبد القادر,علوم الحاسوب,السنة الثالثة
137,سعاد,بوخدة,الرياضيات التطبيقية,السنة الرابعة
138,عبد الله,بولعراس,الاقتصاد,السنة الرابعة
139,فاطمة,بلعربي,نظم المعلومات,السنة الثانية
140,فاطمة,دوادي,نظم المعلومات,السنة الرابعة
141,فاطمة,بوخدة,الذكاء الاصطناعي,السنة الثانية
142,عبد الله,مرابط,الاقتصاد,السنة الثالثة
143,هند,براهيمي,نظم المعلومات,السنة الرابعة
144,سعاد,بولعراس,الحقوق,السنة الثانية
145,فاطمة,بوخاري,الاقتصاد,السنة الثالثة
146,هند,بوشارب,الذكاء الاصطناعي,السنة الأولى
147,كريم,قريشي,نظم المعلومات,السنة الأولى
148,محمد,سليماني,الحقوق,السنة الثالثة
149,سعاد,بن عيسى,الحقوق,السنة الثالثة
150,آمنة,بن عيسى,الهندسة المدنية,السنة الأولى
151,محمد,براهيمي,الحقوق,السنة الثانية
152,سليم,عاشور,علوم الحاسوب,السنة الثالثة
153,كريم,براهيمي,الرياضيات التطبيقية,السنة الثانية
154,ياسمين,بولعراس,الرياضيات التطبيقية,السنة الأولى
155,مروان,دوادي,الاقتصاد,السنة الأولى
156,سارة,بوطالب,نظم المعلومات,السنة الرابعة
157,أحمد,بن حسان,نظم المعلومات,السنة الثانية
158,كريم,بوخدة,الهندسة المدنية,السنة الرابعة
159,ليلى,حمودي,الرياضيات التطبيقية,السنة الثانية
160,سعاد,بن عيسى,الهندسة المدنية,السنة الرابعة
161,سمير,زاوي,العلوم السياسية,السنة الثالثة
162,سمير,سليماني,العلوم السياسية,السنة الرابعة
163,هند,عاشور,الرياضيات التطبيقية,السنة الثالثة
164,يوسف,دوادي,اللغة العربية,السنة الثانية
165,آمنة,بلعربي,علوم الحاسوب,السنة الثانية
166,آمنة,حمودي,الهندسة المدنية,السنة الرابعة
167,سعاد,بولعراس,الهندسة المدنية,السنة الثالثة
168,ليلى,بوطالب,العلوم السياسية,السنة الثالثة
169,عبد الله,عاشور,العلوم السياسية,السنة الأولى
170,محمد,بوشارب,الرياضيات التطبيقية,السنة الأولى
171,هند,بولعراس,الذكاء الاصطناعي,السنة الرابعة
172,إيناس,سليماني,نظم المعلومات,السنة الثانية
173,فاطمة,عاشور,الهندسة المدنية,السنة الثانية
174,سمير,دوادي,الذكاء الاصطناعي,السنة الأولى
175,سمير,تومي,العلوم السياسية,السنة الثانية
176,سارة,عبد القادر,الهندسة المدنية,السنة الرابعة
177,يوسف,بن عيسى,الحقوق,السنة الأولى
178,نور,بوخاري,الحقوق,السنة الثالثة
179,نور,بوشارب,الرياضيات التطبيقية,السنة الثانية
180,عبد الله,زاوي,الذكاء الاصطناعي,السنة الرابعة
181,سمير,بولعراس,اللغة العربية,السنة الثالثة
182,سارة,مرابط,اللغة العربية,السنة الرابعة
183,آمنة,بن حسان,الذكاء الاصطناعي,السنة الثانية
184,عبد الله,بن حسان,الهندسة المدنية,السنة الثانية
185,أنور,بوخدة,نظم المعلومات,السنة الأولى
186,خديجة,بلعربي,الإلكترونيات,السنة الثانية
187,مروان,بوطالب,العلوم السياسية,السنة الرابعة
188,سمير,مرابط,نظم المعلومات,السنة الثانية
189,فاطمة,زاوي,نظم المعلومات,السنة الثانية
190,إيناس,بن يوسف,الاقتصاد,السنة الثانية
191,ياسمين,بن يوسف,العلوم السياسية,السنة الرابعة
192,سمير,بوشارب,اللغة العربية,السنة الرابعة
193,ليلى,عبد القادر,اللغة العربية,السنة الثانية
194,ليلى,بن عيسى,اللغة العربية,السنة الأولى
195,خديجة,مرابط,الذكاء الاصطناعي,السنة الأولى
196,ياسمين,بولعراس,العلوم السياسية,السنة الثانية
197,كريم,قاسمي,الحقوق,السنة الثالثة
198,أحمد,عاشور,علوم الحاسوب,السنة الثانية
199,ياسمين,دوادي,الاقتصاد,السنة الرابعة
200,سمير,بلعربي,نظم المعلومات,السنة الثالثة
201,أحمد,قريشي,العلوم السياسية,السنة الثالثة
202,إيناس,براهيمي,علوم الحاسوب,السنة الأولى
203,فاطمة,قريشي,الرياضيات التطبيقية,السنة الأولى
204,سعاد,بلعربي,الهندسة المدنية,السنة الأولى
205,محمد,تومي,الذكاء الاصطناعي,السنة الأولى
206,سمير,قاسمي,الحقوق,السنة الأولى
207,أمين,سليماني,الحقوق,السنة الثالثة
208,سعاد,بوخاري,الهندسة المدنية,السنة الرابعة
209,سارة,بوخاري,اللغة العربية,السنة الثانية
210,ياسمين,بوطالب,الهندسة المدنية,السنة الثانية
211,فاطمة,زاوي,الذكاء الاصطناعي,السنة الرابعة
212,ياسمين,حمودي,العلوم السياسية,السنة الثانية
213,آمنة,بولعراس,اللغة العربية,السنة الثالثة
214,مروان,بوخدة,الذكاء الاصطناعي,السنة الثالثة
215,خديجة,تومي,الهندسة المدنية,السنة الثانية
216,هند,قريشي,العلوم السياسية,السنة الأولى
217,ليلى,براهيمي,الرياضيات التطبيقية,السنة الثالثة
218,سمير,بوخاري,نظم المعلومات,السنة الأولى
219,ياسمين,براهيمي,الهندسة المدنية,السنة الثالثة
220,فاطمة,بن عيسى,الإلكترونيات,السنة الثالثة
221,سليم,حمودي,الذكاء الاصطناعي,السنة الرابعة
222,فاطمة,بوشارب,الذكاء الاصطناعي,السنة الرابعة
223,أنور,قاسمي,اللغة العربية,السنة الرابعة
224,أمين,بن حسان,علوم الحاسوب,السنة الثالثة
225,نور,بوشارب,الهندسة المدنية,السنة الثالثة
226,آمنة,بوشارب,اللغة العربية,السنة الأولى
227,كريم,بوطالب,العلوم السياسية,السنة الثانية
228,سارة,بن حسان,الذكاء الاصطناعي,السنة الثالثة
229,أحمد,بلعربي,العلوم السياسية,السنة الثانية
230,إيناس,بلعربي,الرياضيات التطبيقية,السنة الثانية
231,مروان,تومي,نظم المعلومات,السنة الأولى
232,سعاد,عبد القادر,الاقتصاد,السنة الثالثة
233,سارة,عاشور,الحقوق,السنة الأولى
234,نور,حمودي,الذكاء الاصطناعي,السنة الثالثة
235,سعاد,بلعربي,الهندسة المدنية,السنة الثالثة
236,سليم,قاسمي,الاقتصاد,السنة الثالثة
237,ليلى,بن يوسف,الهندسة المدنية,السنة الأولى
238,سارة,مرابط,علوم الحاسوب,السنة الثانية
239,هند,بوشارب,نظم المعلومات,السنة الثالثة
240,هند,قاسمي,الإلكترونيات,السنة الرابعة
241,يوسف,بولعراس,اللغة العربية,السنة الرابعة
242,أحمد,سليماني,نظم المعلومات,السنة الثالثة
243,سارة,بوخدة,الاقتصاد,السنة الثالثة
244,آمنة,بوخدة,الهندسة المدنية,السنة الثانية
245,سليم,قريشي,الرياضيات التطبيقية,السنة الثانية
246,آمنة,سليماني,الإلكترونيات,السنة الأولى
247,سمير,بوطالب,الرياضيات التطبيقية,السنة الثانية
248,إيناس,تومي,علوم الحاسوب,السنة الأولى
249,هند,حمودي,اللغة العربية,السنة الثالثة
250,أنور,بن حسان,الحقوق,السنة الثانية
251,يوسف,عبد القادر,الرياضيات التطبيقية,السنة الرابعة
252,آمنة,بوطالب,اللغة العربية,السنة الأولى
253,ياسمين,حمودي,العلوم السياسية,السنة الثانية
254,سارة,براهيمي,الرياضيات التطبيقية,السنة الثانية
255,مروان,دوادي,نظم المعلومات,السنة الرابعة
256,ليلى,بوشارب,اللغة العربية,السنة الرابعة
257,إيناس,بلعربي,العلوم السياسية,السنة الأولى
258,نور,بلعربي,علوم الحاسوب,السنة الثانية
259,مروان,سليماني,الإلكترونيات,السنة الثالثة
260,سمير,بن حسان,الإلكترونيات,السنة الثالثة
261,ياسمين,حمودي,نظم المعلومات,السنة الرابعة
262,نور,دوادي,العلوم السياسية,السنة الرابعة
263,ياسمين,حمودي,الاقتصاد,السنة الأولى
264,فاطمة,تومي,الإلكترونيات,السنة الرابعة
265,سارة,بن يوسف,علوم الحاسوب,السنة الثالثة
266,إيناس,بن حسان,الذكاء الاصطناعي,السنة الرابعة
267,ليلى,سليماني,الرياضيات التطبيقية,السنة الثانية
268,نور,عاشور,الإلكترونيات,السنة الأولى
269,ليلى,بوشارب,الاقتصاد,السنة الرابعة
270,نور,سليماني,نظم المعلومات,السنة الثالثة
271,سارة,قاسمي,العلوم السياسية,السنة الثالثة
272,مروان,قريشي,الاقتصاد,السنة الأولى
273,نور,بوخدة,العلوم السياسية,السنة الثانية
274,خديجة,حمودي,الهندسة المدنية,السنة الثالثة
275,يوسف,قريشي,العلوم السياسية,السنة الرابعة
276,عبد الله,بولعراس,الحقوق,السنة الأولى
277,ليلى,سليماني,الإلكترونيات,السنة الأولى
278,نور,بلعربي,الهندسة المدنية,السنة الرابعة
279,ياسمين,بوشارب,العلوم السياسية,السنة الرابعة
280,يوسف,بولعراس,الحقوق,السنة الثالثة
281,سمير,براهيمي,العلوم السياسية,السنة الثانية
282,محمد,قاسمي,اللغة العربية,السنة الأولى
283,ياسمين,دوادي,الاقتصاد,السنة الثانية
284,أمين,بوطالب,الهندسة المدنية,السنة الرابعة
285,نور,براهيمي,الحقوق,السنة الرابعة
286,ياسمين,بوشارب,العلوم السياسية,السنة الثانية
287,هند,بن حسان,العلوم السياسية,السنة الأولى
288,عبد الله,زاوي,الاقتصاد,السنة الثانية
289,كريم,تومي,الهندسة المدنية,السنة الثالثة
290,نور,بلعربي,علوم الحاسوب,السنة الثالثة
291,كريم,بن يوسف,العلوم السياسية,السنة الأولى
292,ليلى,زاوي,العلوم السياسية,السنة الرابعة
293,محمد,بن عيسى,الاقتصاد,السنة الثالثة
294,سارة,مرابط,الإلكترونيات,السنة الأولى
295,أنور,دوادي,العلوم السياسية,السنة الرابعة
296,أحمد,دوادي,الهندسة المدنية,السنة الثانية
297,خديجة,عاشور,علوم الحاسوب,السنة الثالثة
298,سارة,بلعربي,علوم الحاسوب,السنة الثالثة
299,سارة,بوطالب,اللغة العربية,السنة الثانية
300,هند,عاشور,علوم الحاسوب,السنة الثانية
301,عبد الله,تومي,العلوم السياسية,السنة الأولى
302,مروان,حمودي,الاقتصاد,السنة الثالثة
303,كريم,حمودي,علوم الحاسوب,السنة الثالثة
304,نور,عاشور,الذكاء الاصطناعي,السنة الثانية
305,نور,بوشارب,اللغة العربية,السنة الثانية
306,أحمد,بن حسان,الإلكترونيات,السنة الثانية
307,عبد الله,حمودي,الحقوق,السنة الثانية
308,عبد الله,عبد القادر,الإلكترونيات,السنة الثالثة
309,محمد,بوشارب,اللغة العربية,السنة الثالثة
310,سارة,بن يوسف,العلوم السياسية,السنة الثالثة
311,عبد الله,بوشارب,الهندسة المدنية,السنة الأولى
312,ليلى,بن يوسف,الرياضيات التطبيقية,السنة الرابعة
313,أنور,قريشي,الذكاء الاصطناعي,السنة الثالثة
314,سارة,عبد القادر,الذكاء الاصطناعي,السنة الثانية
315,إيناس,سليماني,نظم المعلومات,السنة الثالثة
316,سعاد,بن يوسف,الحقوق,السنة الأولى
317,خديجة,بوخدة,الرياضيات التطبيقية,السنة الثالثة
318,هند,مرابط,الاقتصاد,السنة الثالثة
319,سليم,زاوي,علوم الحاسوب,السنة الرابعة
320,كريم,بن يوسف,اللغة العربية,السنة الثالثة
321,فاطمة,قاسمي,الهندسة المدنية,السنة الرابعة
322,ياسمين,بوخاري,نظم المعلومات,السنة الثالثة
323,هند,عاشور,الاقتصاد,السنة الثالثة
324,محمد,بن يوسف,الذكاء الاصطناعي,السنة الأولى
325,أحمد,بوطالب,اللغة العربية,السنة الثانية
326,خديجة,عاشور,اللغة العربية,السنة الرابعة
327,هند,قاسمي,الإلكترونيات,السنة الثانية
328,أنور,بولعراس,الرياضيات التطبيقية,السنة الثانية
329,عبد الله,زاوي,الاقتصاد,السنة الأولى
330,أمين,بوخاري,الإلكترونيات,السنة الأولى
331,مروان,بوشارب,الإلكترونيات,السنة الرابعة
332,ياسمين,سليماني,نظم المعلومات,السنة الأولى
333,ياسمين,بن عيسى,نظم المعلومات,السنة الرابعة
334,عبد الله,عاشور,الهندسة المدنية,السنة الثانية
335,ليلى,بوشارب,العلوم السياسية,السنة الثالثة
336,عبد الله,دوادي,نظم المعلومات,السنة الأولى
337,هند,حمودي,الحقوق,السنة الثانية
338,إيناس,قاسمي,نظم المعلومات,السنة الثانية
339,مروان,عاشور,علوم الحاسوب,السنة الأولى
340,خديجة,تومي,الحقوق,السنة الثالثة
341,أمين,زاوي,علوم الحاسوب,السنة الأولى
342,مروان,زاوي,العلوم السياسية,السنة الرابعة
343,أنور,قاسمي,الحقوق,السنة الرابعة
344,سارة,براهيمي,الإلكترونيات,السنة الرابعة
345,يوسف,بوخدة,علوم الحاسوب,السنة الأولى
346,أحمد,بوخاري,الحقوق,السنة الثالثة
347,خديجة,براهيمي,العلوم السياسية,السنة الثانية
348,ياسمين,بن عيسى,الذكاء الاصطناعي,السنة الثالثة
349,عبد الله,قريشي,نظم المعلومات,السنة الثانية
350,مروان,بن عيسى,الهندسة المدنية,السنة الثانية
351,عبد الله,بولعراس,الحقوق,السنة الثالثة
352,عبد الله,عبد القادر,اللغة العربية,السنة الثانية
353,إيناس,بلعربي,الاقتصاد,السنة الرابعة
354,نور,براهيمي,الرياضيات التطبيقية,السنة الأولى
355,سليم,زاوي,الهندسة المدنية,السنة الرابعة
356,خديجة,حمودي,الرياضيات التطبيقية,السنة الأولى
357,محمد,بن يوسف,علوم الحاسوب,السنة الرابعة
358,سعاد,بن يوسف,الاقتصاد,السنة الثالثة
359,آمنة,بن حسان,الذكاء الاصطناعي,السنة الرابعة
360,سليم,عاشور,الذكاء الاصطناعي,السنة الرابعة
361,عبد الله,براهيمي,الرياضيات التطبيقية,السنة الثالثة
362,ليلى,بوطالب,الرياضيات التطبيقية,السنة الرابعة
363,ياسمين,زاوي,العلوم السياسية,السنة الثالثة
364,كريم,دوادي,الحقوق,السنة الرابعة
365,أمين,دوادي,اللغة العربية,السنة الأولى
366,سليم,بولعراس,نظم المعلومات,السنة الثانية
367,أنور,دوادي,العلوم السياسية,السنة الرابعة
368,أحمد,قاسمي,علوم الحاسوب,السنة الثانية
369,فاطمة,قريشي,العلوم السياسية,السنة الرابعة
370,ليلى,براهيمي,الإلكترونيات,السنة الرابعة
371,إيناس,بوخدة,اللغة العربية,السنة الثانية
372,عبد الله,بن عيسى,العلوم السياسية,السنة الثانية
373,ليلى,بوشارب,الهندسة المدنية,السنة الثانية
374,سمير,تومي,الإلكترونيات,السنة الثالثة
375,خديجة,بن عيسى,الاقتصاد,السنة الثالثة
376,أحمد,بوخدة,العلوم السياسية,السنة الثالثة
377,مروان,بن حسان,الاقتصاد,السنة الثالثة
378,إيناس,سليماني,العلوم السياسية,السنة الثانية
379,هند,بن عيسى,الحقوق,السنة الثانية
380,سليم,بوشارب,علوم الحاسوب,السنة الرابعة
381,كريم,بوطالب,الاقتصاد,السنة الثانية
382,آمنة,بوطالب,اللغة العربية,السنة الأولى
383,آمنة,بوخدة,الذكاء الاصطناعي,السنة الرابعة
384,محمد,بن حسان,الذكاء الاصطناعي,السنة الأولى
385,هند,زاوي,الذكاء الاصطناعي,السنة الرابعة
386,ليلى,بن حسان,اللغة العربية,السنة الثانية
387,يوسف,سليماني,اللغة العربية,السنة الثانية
388,هند,قاسمي,الذكاء الاصطناعي,السنة الرابعة
389,سارة,بلعربي,الرياضيات التطبيقية,السنة الأولى
390,نور,براهيمي,علوم الحاسوب,السنة الثالثة
391,سمير,بوطالب,الحقوق,السنة الأولى
392,سليم,بوخاري,الذكاء الاصطناعي,السنة الرابعة
393,آمنة,بوطالب,العلوم السياسية,السنة الأولى
394,نور,بوخدة,اللغة العربية,السنة الأولى
395,ياسمين,بن يوسف,الإلكترونيات,السنة الرابعة
396,خديجة,قريشي,الذكاء الاصطناعي,السنة الثالثة
397,أمين,دوادي,الإلكترونيات,السنة الرابعة
398,آمنة,تومي,الذكاء الاصطناعي,السنة الثانية
399,سعاد,دوادي,نظم المعلومات,السنة الثانية
400,إيناس,بن يوسف,الهندسة المدنية,السنة الأولى
401,سعاد,بن حسان,اللغة العربية,السنة الثانية
402,سارة,عاشور,الرياضيات التطبيقية,السنة الثالثة
403,ليلى,قريشي,الرياضيات التطبيقية,السنة الأولى
404,سليم,قريشي,الرياضيات التطبيقية,السنة الثالثة
405,آمنة,بن يوسف,علوم الحاسوب,السنة الأولى
406,آمنة,بن عيسى,اللغة العربية,السنة الأولى
407,سليم,قريشي,الرياضيات التطبيقية,السنة الأولى
408,أمين,سليماني,الذكاء الاصطناعي,السنة الثانية
409,يوسف,تومي,نظم المعلومات,السنة الثانية
410,هند,عاشور,نظم المعلومات,السنة الرابعة
411,هند,دوادي,الرياضيات التطبيقية,السنة الثالثة
412,سارة,زاوي,علوم الحاسوب,السنة الرابعة
413,يوسف,بن عيسى,الهندسة المدنية,السنة الرابعة
414,أحمد,بوخدة,العلوم السياسية,السنة الأولى
415,نور,بوطالب,علوم الحاسوب,السنة الأولى
416,سارة,بوطالب,الهندسة المدنية,السنة الثانية
417,محمد,تومي,نظم المعلومات,السنة الثانية
418,سارة,بوخاري,علوم الحاسوب,السنة الأولى
419,ليلى,بوطالب,الحقوق,السنة الثالثة
420,عبد الله,بن حسان,علوم الحاسوب,السنة الأولى
421,كريم,بوشارب,الحقوق,السنة الثانية
422,مروان,عاشور,اللغة العربية,السنة الأولى
423,إيناس,قاسمي,علوم الحاسوب,السنة الرابعة
424,ليلى,دوادي,الحقوق,السنة الأولى
425,خديجة,بولعراس,الهندسة المدنية,السنة الأولى
426,إيناس,بن يوسف,علوم الحاسوب,السنة الثالثة
427,سعاد,بن عيسى,الذكاء الاصطناعي,السنة الرابعة
428,إيناس,بوخاري,نظم المعلومات,السنة الثالثة
429,نور,حمودي,اللغة العربية,السنة الثانية
430,أمين,بوخدة,الرياضيات التطبيقية,السنة الثانية
431,آمنة,حمودي,الهندسة المدنية,السنة الأولى
432,إيناس,بوشارب,اللغة العربية,السنة الثالثة
433,إيناس,بوخاري,علوم الحاسوب,السنة الأولى
434,ياسمين,بن حسان,الذكاء الاصطناعي,السنة الرابعة
435,أنور,بوخاري,العلوم السياسية,السنة الثانية
436,أنور,زاوي,الهندسة المدنية,السنة الأولى
437,مروان,سليماني,العلوم السياسية,السنة الثالثة
438,سليم,تومي,الهندسة المدنية,السنة الثالثة
439,أنور,بن يوسف,الاقتصاد,السنة الأولى
440,فاطمة,سليماني,الاقتصاد,السنة الثالثة
441,إيناس,تومي,الذكاء الاصطناعي,السنة الثالثة
442,سمير,دوادي,الرياضيات التطبيقية,السنة الثالثة
443,كريم,سليماني,الإلكترونيات,السنة الأولى
444,يوسف,بلعربي,علوم الحاسوب,السنة الأولى
445,محمد,بن يوسف,الذكاء الاصطناعي,السنة الأولى
446,سمير,قاسمي,الإلكترونيات,السنة الثانية
447,فاطمة,بولعراس,اللغة العربية,السنة الثانية
448,خديجة,سليماني,الإلكترونيات,السنة الثالثة
449,سعاد,قاسمي,الإلكترونيات,السنة الثانية
450,سعاد,حمودي,الذكاء الاصطناعي,السنة الثالثة
451,كريم,بوخدة,علوم الحاسوب,السنة الرابعة
452,أمين,عاشور,الهندسة المدنية,السنة الثالثة
453,ياسمين,مرابط,علوم الحاسوب,السنة الرابعة
454,سليم,براهيمي,الحقوق,السنة الثانية
455,سارة,بوخاري,نظم المعلومات,السنة الثانية
456,أحمد,بوشارب,الهندسة المدنية,السنة الثانية
457,أنور,عاشور,اللغة العربية,السنة الثالثة
458,كريم,مرابط,العلوم السياسية,السنة الرابعة
459,نور,مرابط,الحقوق,السنة الثالثة
460,ليلى,تومي,اللغة العربية,السنة الثانية
461,ياسمين,بلعربي,الاقتصاد,السنة الثالثة
462,مروان,بن حسان,الهندسة المدنية,السنة الأولى
463,أمين,بوخاري,الهندسة المدنية,السنة الثانية
464,كريم,بوخاري,الإلكترونيات,السنة الثانية
465,سليم,بوخاري,الهندسة المدنية,السنة الثالثة
466,خديجة,حمودي,اللغة العربية,السنة الأولى
467,أحمد,حمودي,الاقتصاد,السنة الثانية
468,أحمد,زاوي,الاقتصاد,السنة الثالثة
469,ليلى,سليماني,نظم المعلومات,السنة الأولى
470,سعاد,بن عيسى,العلوم السياسية,السنة الأولى
471,كريم,بن عيسى,علوم الحاسوب,السنة الثانية
472,كريم,بلعربي,الحقوق,السنة الثالثة
473,سليم,بوطالب,الإلكترونيات,السنة الثالثة
474,محمد,بوخاري,الإلكترونيات,السنة الثانية
475,عبد الله,دوادي,نظم المعلومات,السنة الرابعة
476,أمين,دوادي,الذكاء الاصطناعي,السنة الرابعة
477,هند,براهيمي,الإلكترونيات,السنة الرابعة
478,أنور,بن حسان,الاقتصاد,السنة الرابعة
479,سليم,براهيمي,علوم الحاسوب,السنة الثانية
480,أمين,بوشارب,الذكاء الاصطناعي,السنة الثانية
481,ليلى,بوطالب,علوم الحاسوب,السنة الثالثة
482,سارة,بلعربي,نظم المعلومات,السنة الثانية
483,أمين,بن عيسى,الرياضيات التطبيقية,السنة الثانية
484,نور,سليماني,نظم المعلومات,السنة الثالثة
485,ليلى,بن حسان,الإلكترونيات,السنة الثانية
486,إيناس,بلعربي,اللغة العربية,السنة الثالثة
487,نور,بولعراس,الذكاء الاصطناعي,السنة الرابعة
488,ياسمين,حمودي,الاقتصاد,السنة الرابعة
489,أنور,سليماني,علوم الحاسوب,السنة الأولى
490,نور,عبد القادر,الهندسة المدنية,السنة الثالثة
491,أنور,قاسمي,العلوم السياسية,السنة الرابعة
492,أنور,مرابط,الهندسة المدنية,السنة الثالثة
493,إيناس,بن عيسى,الهندسة المدنية,السنة الثالثة
494,هند,بن عيسى,الرياضيات التطبيقية,السنة الثالثة
495,مروان,بوشارب,علوم الحاسوب,السنة الثالثة
496,إيناس,تومي,العلوم السياسية,السنة الأولى
497,آمنة,دوادي,نظم المعلومات,السنة الأولى
498,هند,عبد القادر,الاقتصاد,السنة الثالثة
499,ياسمين,براهيمي,نظم المعلومات,السنة الأولى
500,هند,بوخاري,الاقتصاد,السنة الأولى
501,خديجة,بولعراس,الرياضيات التطبيقية,السنة الثالثة
502,إيناس,بوخدة,الحقوق,السنة الأولى
503,سعاد,بن حسان,نظم المعلومات,السنة الثانية
504,محمد,بلعربي,الهندسة المدنية,السنة الثالثة
505,إيناس,بوخاري,الاقتصاد,السنة الثالثة
506,أنور,مرابط,الإلكترونيات,السنة الثالثة
507,يوسف,عاشور,العلوم السياسية,السنة الرابعة
508,ياسمين,بوخاري,علوم الحاسوب,السنة الثانية
509,مروان,قريشي,علوم الحاسوب,السنة الثالثة
510,عبد الله,بوخاري,الرياضيات التطبيقية,السنة الرابعة
511,آمنة,بلعربي,الذكاء الاصطناعي,السنة الرابعة
512,كريم,بن حسان,الحقوق,السنة الثانية
513,خديجة,بوخاري,علوم الحاسوب,السنة الأولى
514,عبد الله,بلعربي,الاقتصاد,السنة الثالثة
515,إيناس,بن عيسى,نظم المعلومات,السنة الرابعة
516,محمد,براهيمي,علوم الحاسوب,السنة الأولى
517,سارة,بولعراس,العلوم السياسية,السنة الرابعة
518,كريم,حمودي,اللغة العربية,السنة الأولى
519,أنور,سليماني,العلوم السياسية,السنة الثالثة
520,ليلى,بن حسان,علوم الحاسوب,السنة الأولى
521,سمير,زاوي,الحقوق,السنة الرابعة
522,ياسمين,مرابط,الهندسة المدنية,السنة الثالثة
523,كريم,بلعربي,الرياضيات التطبيقية,السنة الثانية
524,أحمد,بن يوسف,الاقتصاد,السنة الرابعة
525,سعاد,مرابط,نظم المعلومات,السنة الرابعة
526,آمنة,بوطالب,الرياضيات التطبيقية,السنة الثالثة
527,آمنة,بن يوسف,الرياضيات التطبيقية,السنة الرابعة
528,سليم,براهيمي,الإلكترونيات,السنة الرابعة
529,سارة,عاشور,الرياضيات التطبيقية,السنة الرابعة
530,ليلى,سليماني,العلوم السياسية,السنة الرابعة
531,يوسف,بوطالب,الحقوق,السنة الثالثة
532,سعاد,عاشور,الهندسة المدنية,السنة الثالثة
533,كريم,مرابط,الذكاء الاصطناعي,السنة الرابعة
534,أحمد,بوطالب,الذكاء الاصطناعي,السنة الثالثة
535,محمد,بوطالب,الإلكترونيات,السنة الثانية
536,مروان,مرابط,الذكاء الاصطناعي,السنة الثالثة
537,عبد الله,بن عيسى,نظم المعلومات,السنة الثالثة
538,سعاد,بن يوسف,الهندسة المدنية,السنة الثالثة
539,أمين,بوخدة,العلوم السياسية,السنة الرابعة
540,كريم,بلعربي,الاقتصاد,السنة الرابعة
541,كريم,بوشارب,نظم المعلومات,السنة الرابعة
542,خديجة,براهيمي,الإلكترونيات,السنة الثالثة
543,مروان,بن حسان,الهندسة المدنية,السنة الثانية
544,كريم,زاوي,نظم المعلومات,السنة الأولى
545,مروان,عبد القادر,نظم المعلومات,السنة الثانية
546,أمين,بولعراس,نظم المعلومات,السنة الرابعة
547,أحمد,براهيمي,الإلكترونيات,السنة الرابعة
548,ياسمين,قاسمي,الرياضيات التطبيقية,السنة الرابعة
549,نور,بوخدة,علوم الحاسوب,السنة الرابعة
550,هند,براهيمي,الاقتصاد,السنة الرابعة
551,آمنة,بن حسان,العلوم السياسية,السنة الثانية
552,ليلى,عاشور,الحقوق,السنة الرابعة
553,هند,عاشور,الاقتصاد,السنة الأولى
554,هند,مرابط,نظم المعلومات,السنة الأولى
555,آمنة,قاسمي,الهندسة المدنية,السنة الأولى
556,نور,بوطالب,نظم المعلومات,السنة الأولى
557,سعاد,قريشي,الذكاء الاصطناعي,السنة الثانية
558,مروان,بولعراس,اللغة العربية,السنة الثالثة
559,أمين,بن يوسف,علوم الحاسوب,السنة الأولى
560,فاطمة,بن عيسى,الرياضيات التطبيقية,السنة الثانية
561,إيناس,بولعراس,الذكاء الاصطناعي,السنة الثالثة
562,هند,براهيمي,الحقوق,السنة الأولى
563,عبد الله,بوطالب,نظم المعلومات,السنة الثالثة
564,عبد الله,تومي,الحقوق,السنة الثالثة
565,أحمد,بوشارب,الرياضيات التطبيقية,السنة الرابعة
566,يوسف,بوخاري,الحقوق,السنة الثالثة
567,عبد الله,بوطالب,اللغة العربية,السنة الثالثة
568,إيناس,مرابط,الهندسة المدنية,السنة الثانية
569,آمنة,بوخاري,الذكاء الاصطناعي,السنة الأولى
570,آمنة,براهيمي,الذكاء الاصطناعي,السنة الرابعة
571,سارة,حمودي,العلوم السياسية,السنة الثانية
572,آمنة,مرابط,الإلكترونيات,السنة الأولى
573,ليلى,عاشور,الحقوق,السنة الثانية
574,نور,بلعربي,الذكاء الاصطناعي,السنة الثانية
575,سليم,بوخاري,الرياضيات التطبيقية,السنة الرابعة
576,فاطمة,بلعربي,نظم المعلومات,السنة الرابعة
577,ياسمين,مرابط,الاقتصاد,السنة الثانية
578,أحمد,بوطالب,الهندسة المدنية,السنة الثالثة
579,سارة,زاوي,اللغة العربية,السنة الثانية
580,سعاد,قاسمي,الإلكترونيات,السنة الأولى
581,يوسف,تومي,علوم الحاسوب,السنة الرابعة
582,فاطمة,سليماني,العلوم السياسية,السنة الأولى
583,ليلى,تومي,العلوم السياسية,السنة الرابعة
584,مروان,عبد القادر,الإلكترونيات,السنة الرابعة
585,ياسمين,براهيمي,الهندسة المدنية,السنة الثالثة
586,آمنة,قاسمي,الذكاء الاصطناعي,السنة الرابعة
587,أنور,براهيمي,علوم الحاسوب,السنة الرابعة
588,آمنة,بلعربي,علوم الحاسوب,السنة الرابعة
589,أمين,مرابط,العلوم السياسية,السنة الثالثة
590,ليلى,قريشي,اللغة العربية,السنة الثانية
591,ليلى,قريشي,الاقتصاد,السنة الثالثة
592,مروان,بوخاري,العلوم السياسية,السنة الرابعة
593,ياسمين,بوطالب,اللغة العربية,السنة الثانية
594,نور,زاوي,الحقوق,السنة الثانية
595,محمد,بلعربي,الإلكترونيات,السنة الأولى
596,أحمد,بلعربي,نظم المعلومات,السنة الثانية
597,ياسمين,عاشور,نظم المعلومات,السنة الثالثة
598,يوسف,زاوي,الاقتصاد,السنة الثالثة
599,أمين,تومي,الحقوق,السنة الثانية
600,أنور,بلعربي,الهندسة المدنية,السنة الأولى
601,عبد الله,بوخاري,الهندسة المدنية,السنة الرابعة
602,سليم,بن حسان,نظم المعلومات,السنة الرابعة
603,مروان,عاشور,الإلكترونيات,السنة الثانية
604,نور,دوادي,اللغة العربية,السنة الثالثة
605,أحمد,بن عيسى,الإلكترونيات,السنة الأولى
606,عبد الله,مرابط,العلوم السياسية,السنة الأولى
607,خديجة,بوخاري,الرياضيات التطبيقية,السنة الأولى
608,مروان,قاسمي,اللغة العربية,السنة الثانية
609,كريم,بولعراس,الإلكترونيات,السنة الأولى
610,أنور,قريشي,العلوم السياسية,السنة الأولى
611,إيناس,براهيمي,الاقتصاد,السنة الأولى
612,يوسف,قاسمي,الهندسة المدنية,السنة الثالثة
613,سعاد,عاشور,الذكاء الاصطناعي,السنة الثالثة
614,أنور,قريشي,اللغة العربية,السنة الثالثة
615,سليم,بوخاري,الاقتصاد,السنة الثالثة
616,نور,بوخدة,الذكاء الاصطناعي,السنة الرابعة
617,آمنة,بوشارب,اللغة العربية,السنة الثالثة
618,يوسف,بوشارب,الاقتصاد,السنة الرابعة
619,أمين,بوخدة,نظم المعلومات,السنة الأولى
620,خديجة,بن يوسف,الإلكترونيات,السنة الأولى
621,سليم,قاسمي,الذكاء الاصطناعي,السنة الأولى
622,ياسمين,بوخاري,علوم الحاسوب,السنة الثانية
623,كريم,تومي,علوم الحاسوب,السنة الثالثة
624,سارة,تومي,الاقتصاد,السنة الثانية
625,خديجة,زاوي,الرياضيات التطبيقية,السنة الثانية
626,أحمد,مرابط,اللغة العربية,السنة الرابعة
627,سعاد,بوطالب,علوم الحاسوب,السنة الرابعة
628,سعاد,بن يوسف,الهندسة المدنية,السنة الثانية
629,سارة,عبد القادر,علوم الحاسوب,السنة الثالثة
630,عبد الله,عاشور,العلوم السياسية,السنة الأولى
631,ليلى,بولعراس,علوم الحاسوب,السنة الرابعة
632,فاطمة,بوخدة,الهندسة المدنية,السنة الأولى
633,كريم,بوطالب,علوم الحاسوب,السنة الثالثة
634,آمنة,بولعراس,علوم الحاسوب,السنة الثانية
635,مروان,عبد القادر,الهندسة المدنية,السنة الرابعة
636,سمير,بوخاري,العلوم السياسية,السنة الرابعة
637,ليلى,بن حسان,العلوم السياسية,السنة الرابعة
638,فاطمة,دوادي,العلوم السياسية,السنة الرابعة
639,ليلى,عاشور,الحقوق,السنة الثانية
640,فاطمة,حمودي,علوم الحاسوب,السنة الرابعة
641,سليم,بلعربي,العلوم السياسية,السنة الثانية
642,كريم,بن يوسف,اللغة العربية,السنة الرابعة
643,أمين,سليماني,علوم الحاسوب,السنة الرابعة
644,نور,زاوي,علوم الحاسوب,السنة الثالثة
645,مروان,قاسمي,علوم الحاسوب,السنة الثالثة
646,كريم,قريشي,الهندسة المدنية,السنة الثالثة
647,مروان,عاشور,الإلكترونيات,السنة الثالثة
648,أنور,بن عيسى,الهندسة المدنية,السنة الرابعة
649,هند,براهيمي,العلوم السياسية,السنة الأولى
650,خديجة,عبد القادر,الحقوق,السنة الثالثة
651,سليم,عبد القادر,الإلكترونيات,السنة الثالثة
652,سليم,عبد القادر,علوم الحاسوب,السنة الأولى
653,آمنة,بلعربي,الهندسة المدنية,السنة الثالثة
654,سمير,بوخاري,الذكاء الاصطناعي,السنة الثانية
655,سمير,بن عيسى,الذكاء الاصطناعي,السنة الأولى
656,محمد,بوخدة,الإلكترونيات,السنة الأولى
657,كريم,بولعراس,العلوم السياسية,السنة الرابعة
658,أنور,زاوي,الذكاء الاصطناعي,السنة الثانية
659,ياسمين,بولعراس,علوم الحاسوب,السنة الثالثة
660,سارة,سليماني,الهندسة المدنية,السنة الثانية
661,سعاد,مرابط,الاقتصاد,السنة الثالثة
662,فاطمة,دوادي,الهندسة المدنية,السنة الثالثة
663,خديجة,قاسمي,الرياضيات التطبيقية,السنة الأولى
664,أحمد,بلعربي,الحقوق,السنة الرابعة
665,آمنة,دوادي,العلوم السياسية,السنة الرابعة
666,سليم,قريشي,علوم الحاسوب,السنة الأولى
667,سعاد,بوخاري,الذكاء الاصطناعي,السنة الرابعة
668,آمنة,حمودي,الرياضيات التطبيقية,السنة الثالثة
669,مروان,دوادي,الذكاء الاصطناعي,السنة الثانية
670,إيناس,بوطالب,الإلكترونيات,السنة الأولى
671,محمد,بن حسان,الحقوق,السنة الرابعة
672,كريم,زاوي,الذكاء الاصطناعي,السنة الأولى
673,فاطمة,سليماني,الذكاء الاصطناعي,السنة الثانية
674,سليم,بلعربي,الهندسة المدنية,السنة الرابعة
675,إيناس,مرابط,الحقوق,السنة الثالثة
676,مروان,بوطالب,اللغة العربية,السنة الأولى
677,إيناس,تومي,نظم المعلومات,السنة الثانية
678,عبد الله,بلعربي,الرياضيات التطبيقية,السنة الثانية
679,أنور,قريشي,الهندسة المدنية,السنة الثانية
680,آمنة,بن حسان,الاقتصاد,السنة الثالثة
681,مروان,بوخاري,العلوم السياسية,السنة الثانية
682,آمنة,تومي,العلوم السياسية,السنة الثالثة
683,إيناس,بولعراس,الإلكترونيات,السنة الأولى
684,ياسمين,بلعربي,نظم المعلومات,السنة الأولى
685,أمين,بوطالب,الاقتصاد,السنة الثانية
686,أحمد,بولعراس,الهندسة المدنية,السنة الأولى
687,أحمد,براهيمي,الإلكترونيات,السنة الثالثة
688,محمد,سليماني,اللغة العربية,السنة الأولى
689,نور,قريشي,العلوم السياسية,السنة الثانية
690,مروان,دوادي,الاقتصاد,السنة الثانية
691,آمنة,بلعربي,نظم المعلومات,السنة الثالثة
692,ياسمين,حمودي,الذكاء الاصطناعي,السنة الثانية
693,كريم,بلعربي,الإلكترونيات,السنة الأولى
694,أنور,عبد القادر,اللغة العربية,السنة الثالثة
695,سليم,بن حسان,الاقتصاد,السنة الثانية
696,سليم,عبد القادر,الذكاء الاصطناعي,السنة الثالثة
697,آمنة,عاشور,العلوم السياسية,السنة الثالثة
698,كريم,بن حسان,اللغة العربية,السنة الرابعة
699,محمد,زاوي,علوم الحاسوب,السنة الثانية
700,أمين,سليماني,نظم المعلومات,السنة الرابعة
701,ليلى,عاشور,الهندسة المدنية,السنة الثالثة
702,فاطمة,سليماني,الإلكترونيات,السنة الثانية
703,سمير,عاشور,الهندسة المدنية,السنة الرابعة
704,سعاد,عاشور,اللغة العربية,السنة الرابعة
705,فاطمة,بن عيسى,الاقتصاد,السنة الرابعة
706,مروان,بن حسان,العلوم السياسية,السنة الرابعة
707,أحمد,سليماني,اللغة العربية,السنة الأولى
708,خديجة,قاسمي,الحقوق,السنة الرابعة
709,أنور,حمودي,الإلكترونيات,السنة الرابعة
710,كريم,بوخدة,العلوم السياسية,السنة الثالثة
711,سعاد,قاسمي,الحقوق,السنة الأولى
712,إيناس,بن عيسى,الاقتصاد,السنة الرابعة
713,ياسمين,عبد القادر,الرياضيات التطبيقية,السنة الثالثة
714,محمد,بن يوسف,الرياضيات التطبيقية,السنة الأولى
715,فاطمة,دوادي,الهندسة المدنية,السنة الرابعة
716,نور,بوشارب,العلوم السياسية,السنة الرابعة
717,أحمد,بن حسان,العلوم السياسية,السنة الرابعة
718,سعاد,بولعراس,نظم المعلومات,السنة الثانية
719,فاطمة,بن يوسف,الحقوق,السنة الثانية
720,ياسمين,بوخاري,الحقوق,السنة الرابعة
721,عبد الله,بوطالب,العلوم السياسية,السنة الثالثة
722,يوسف,براهيمي,الإلكترونيات,السنة الرابعة
723,آمنة,عبد القادر,الحقوق,السنة الأولى
724,سمير,بوخدة,الهندسة المدنية,السنة الثانية
725,ياسمين,بن حسان,اللغة العربية,السنة الرابعة
726,مروان,بلعربي,الرياضيات التطبيقية,السنة الأولى
727,هند,عاشور,الذكاء الاصطناعي,السنة الثالثة
728,ياسمين,مرابط,اللغة العربية,السنة الأولى
729,محمد,عاشور,الإلكترونيات,السنة الأولى
730,نور,بلعربي,الاقتصاد,السنة الثانية
731,سليم,قاسمي,علوم الحاسوب,السنة الأولى
732,ليلى,سليماني,الإلكترونيات,السنة الثالثة
733,أمين,حمودي,الحقوق,السنة الثالثة
734,ليلى,عبد القادر,اللغة العربية,السنة الأولى
735,أمين,براهيمي,الهندسة المدنية,السنة الأولى
736,عبد الله,حمودي,الذكاء الاصطناعي,السنة الثالثة
737,كريم,بولعراس,الذكاء الاصطناعي,السنة الثالثة
738,إيناس,بوشارب,الذكاء الاصطناعي,السنة الرابعة
739,مروان,دوادي,الهندسة المدنية,السنة الرابعة
740,خديجة,بلعربي,اللغة العربية,السنة الثالثة
741,محمد,بوخاري,علوم الحاسوب,السنة الرابعة
742,يوسف,براهيمي,الذكاء الاصطناعي,السنة الثالثة
743,أحمد,عاشور,الهندسة المدنية,السنة الرابعة
744,عبد الله,تومي,العلوم السياسية,السنة الثانية
745,سمير,بوطالب,الحقوق,السنة الثالثة
746,عبد الله,بلعربي,الإلكترونيات,السنة الثانية
747,سليم,بن حسان,نظم المعلومات,السنة الثانية
748,كريم,بن حسان,الاقتصاد,السنة الثالثة
749,أحمد,بن حسان,الحقوق,السنة الرابعة
750,آمنة,بوخاري,الحقوق,السنة الثالثة
751,سليم,براهيمي,الاقتصاد,السنة الثالثة
752,ياسمين,بن عيسى,الرياضيات التطبيقية,السنة الثانية
753,ياسمين,بولعراس,الرياضيات التطبيقية,السنة الثانية
754,نور,بولعراس,الحقوق,السنة الأولى
755,سعاد,بوشارب,الهندسة المدنية,السنة الأولى
756,كريم,بن حسان,الهندسة المدنية,السنة الثانية
757,سعاد,قريشي,الإلكترونيات,السنة الأولى
758,نور,حمودي,العلوم السياسية,السنة الثالثة
759,نور,بوشارب,الحقوق,السنة الثالثة
760,ياسمين,بن يوسف,الإلكترونيات,السنة الأولى
761,ليلى,زاوي,اللغة العربية,السنة الثانية
762,إيناس,دوادي,نظم المعلومات,السنة الثانية
763,سارة,بن حسان,الرياضيات التطبيقية,السنة الثالثة
764,سعاد,سليماني,الرياضيات التطبيقية,السنة الثانية
765,محمد,بن حسان,العلوم السياسية,السنة الرابعة
766,سعاد,قريشي,نظم المعلومات,السنة الثالثة
767,عبد الله,بولعراس,نظم المعلومات,السنة الثالثة
768,ياسمين,براهيمي,علوم الحاسوب,السنة الثالثة
769,سارة,بن عيسى,العلوم السياسية,السنة الأولى
770,كريم,زاوي,الهندسة المدنية,السنة الثانية
771,سارة,سليماني,نظم المعلومات,السنة الثانية
772,فاطمة,بلعربي,الحقوق,السنة الرابعة
773,ليلى,سليماني,الاقتصاد,السنة الثالثة
774,ياسمين,بوطالب,العلوم السياسية,السنة الثالثة
775,يوسف,تومي,الرياضيات التطبيقية,السنة الأولى
776,يوسف,بوشارب,العلوم السياسية,السنة الثالثة
777,مروان,بولعراس,الهندسة المدنية,السنة الثانية
778,أمين,قريشي,اللغة العربية,السنة الرابعة
779,عبد الله,دوادي,الإلكترونيات,السنة الأولى
780,كريم,حمودي,نظم المعلومات,السنة الثانية
781,محمد,تومي,الحقوق,السنة الأولى
782,سعاد,حمودي,الذكاء الاصطناعي,السنة الثانية
783,محمد,بن يوسف,العلوم السياسية,السنة الثانية
784,ياسمين,عبد القادر,اللغة العربية,السنة الثانية
785,يوسف,بوشارب,الهندسة المدنية,السنة الأولى
786,أنور,بن عيسى,العلوم السياسية,السنة الثانية
787,سارة,عبد القادر,الذكاء الاصطناعي,السنة الرابعة
788,أمين,بن حسان,الإلكترونيات,السنة الرابعة
789,أحمد,مرابط,اللغة العربية,السنة الثالثة
790,هند,بوخاري,اللغة العربية,السنة الثانية
791,يوسف,بوطالب,الهندسة المدنية,السنة الثالثة
792,هند,بولعراس,علوم الحاسوب,السنة الثانية
793,إيناس,عبد القادر,الهندسة المدنية,السنة الثانية
794,إيناس,بوطالب,الحقوق,السنة الثالثة
795,أحمد,بولعراس,الإلكترونيات,السنة الأولى
796,آمنة,قاسمي,علوم الحاسوب,السنة الأولى
797,فاطمة,بوشارب,الإلكترونيات,السنة الأولى
798,سارة,قريشي,الاقتصاد,السنة الأولى
799,عبد الله,قريشي,علوم الحاسوب,السنة الثانية
800,أمين,حمودي,الذكاء الاصطناعي,السنة الرابعة
801,يوسف,بوطالب,الاقتصاد,السنة الرابعة
802,سليم,بوخاري,الرياضيات التطبيقية,السنة الأولى
803,سارة,بلعربي,الإلكترونيات,السنة الثانية
804,أحمد,بن يوسف,الذكاء الاصطناعي,السنة الرابعة
805,عبد الله,بلعربي,اللغة العربية,السنة الرابعة
806,يوسف,بن يوسف,الاقتصاد,السنة الثانية
807,إيناس,عبد القادر,الإلكترونيات,السنة الثانية
808,ليلى,عبد القادر,الذكاء الاصطناعي,السنة الثانية
809,فاطمة,مرابط,الذكاء الاصطناعي,السنة الأولى
810,سمير,عاشور,الرياضيات التطبيقية,السنة الثالثة
811,يوسف,قاسمي,الرياضيات التطبيقية,السنة الرابعة
812,فاطمة,براهيمي,الهندسة المدنية,السنة الثالثة
813,أحمد,بوخاري,العلوم السياسية,السنة الأولى
814,خديجة,عبد القادر,اللغة العربية,السنة الثانية
815,أمين,زاوي,الإلكترونيات,السنة الثالثة
816,عبد الله,تومي,الحقوق,السنة الثانية
817,نور,زاوي,الاقتصاد,السنة الثانية
818,محمد,مرابط,الهندسة المدنية,السنة الثالثة
819,هند,زاوي,علوم الحاسوب,السنة الثالثة
820,نور,بولعراس,اللغة العربية,السنة الأولى
821,آمنة,عاشور,اللغة العربية,السنة الثالثة
822,خديجة,بن حسان,الهندسة المدنية,السنة الثالثة
823,فاطمة,دوادي,الحقوق,السنة الرابعة
824,محمد,بوشارب,الهندسة المدنية,السنة الأولى
825,ليلى,بن حسان,الرياضيات التطبيقية,السنة الثانية
826,أنور,بن يوسف,الذكاء الاصطناعي,السنة الثانية
827,سمير,عاشور,الحقوق,السنة الأولى
828,سارة,بولعراس,الإلكترونيات,السنة الأولى
829,عبد الله,عاشور,العلوم السياسية,السنة الثانية
830,سعاد,بولعراس,اللغة العربية,السنة الرابعة
831,أحمد,زاوي,الاقتصاد,السنة الرابعة
832,يوسف,سليماني,علوم الحاسوب,السنة الرابعة
833,عبد الله,بوشارب,الهندسة المدنية,السنة الأولى
834,خديجة,بوخاري,الذكاء الاصطناعي,السنة الثانية
835,أحمد,براهيمي,الهندسة المدنية,السنة الثالثة
836,فاطمة,بن حسان,الاقتصاد,السنة الأولى
837,سليم,بلعربي,الحقوق,السنة الرابعة
838,خديجة,بن حسان,الاقتصاد,السنة الأولى
839,عبد الله,بلعربي,الاقتصاد,السنة الثانية
840,سعاد,تومي,الذكاء الاصطناعي,السنة الأولى
841,سمير,تومي,الحقوق,السنة الأولى
842,عبد الله,بوخاري,الرياضيات التطبيقية,السنة الثانية
843,ياسمين,سليماني,الحقوق,السنة الأولى
844,هند,دوادي,علوم الحاسوب,السنة الأولى
845,مروان,دوادي,العلوم السياسية,السنة الأولى
846,سمير,بن حسان,الذكاء الاصطناعي,السنة الرابعة
847,أنور,بلعربي,الذكاء الاصطناعي,السنة الثانية
848,ليلى,بوخاري,علوم الحاسوب,السنة الرابعة
849,فاطمة,مرابط,اللغة العربية,السنة الرابعة
850,هند,براهيمي,الهندسة المدنية,السنة الرابعة
851,نور,سليماني,العلوم السياسية,السنة الثانية
852,هند,زاوي,الاقتصاد,السنة الثانية
853,سليم,بوخدة,الذكاء الاصطناعي,السنة الثانية
854,أنور,بن يوسف,الإلكترونيات,السنة الأولى
855,عبد الله,حمودي,الذكاء الاصطناعي,السنة الثانية
856,نور,حمودي,الاقتصاد,السنة الرابعة
857,إيناس,دوادي,نظم المعلومات,السنة الأولى
858,أنور,سليماني,الحقوق,السنة الثالثة
859,سارة,بن حسان,اللغة العربية,السنة الثانية
860,ياسمين,بوخدة,العلوم السياسية,السنة الثانية
861,سليم,مرابط,الذكاء الاصطناعي,السنة الرابعة
862,سليم,بن يوسف,الإلكترونيات,السنة الثانية
863,آمنة,بن عيسى,اللغة العربية,السنة الثانية
864,ياسمين,قاسمي,الاقتصاد,السنة الرابعة
865,سارة,عاشور,الهندسة المدنية,السنة الأولى
866,سعاد,بن يوسف,العلوم السياسية,السنة الأولى
867,هند,قاسمي,العلوم السياسية,السنة الثالثة
868,إيناس,دوادي,الرياضيات التطبيقية,السنة الثانية
869,ياسمين,سليماني,علوم الحاسوب,السنة الثالثة
870,مروان,بوشارب,الرياضيات التطبيقية,السنة الثانية
871,يوسف,عبد القادر,اللغة العربية,السنة الرابعة
872,سعاد,مرابط,علوم الحاسوب,السنة الرابعة
873,هند,قاسمي,الهندسة المدنية,السنة الثالثة
874,محمد,بوشارب,علوم الحاسوب,السنة الثانية
875,ياسمين,قاسمي,الحقوق,السنة الثانية
876,ياسمين,بلعربي,الإلكترونيات,السنة الثالثة
877,مروان,بوخاري,الهندسة المدنية,السنة الأولى
878,أحمد,تومي,الرياضيات التطبيقية,السنة الثالثة
879,ياسمين,مرابط,نظم المعلومات,السنة الثانية
880,آمنة,براهيمي,الهندسة المدنية,السنة الرابعة
881,سمير,بولعراس,نظم المعلومات,السنة الثانية
882,سليم,بن حسان,علوم الحاسوب,السنة الأولى
883,أنور,بوخاري,الحقوق,السنة الأولى
884,سعاد,بولعراس,نظم المعلومات,السنة الثانية
885,يوسف,عبد القادر,الهندسة المدنية,السنة الأولى
886,سمير,قاسمي,الهندسة المدنية,السنة الرابعة
887,عبد الله,بن عيسى,الحقوق,السنة الثانية
888,يوسف,عاشور,نظم المعلومات,السنة الثالثة
889,آمنة,حمودي,نظم المعلومات,السنة الثالثة
890,خديجة,بوخدة,الرياضيات التطبيقية,السنة الرابعة
891,ياسمين,تومي,الرياضيات التطبيقية,السنة الثانية
892,فاطمة,بوخاري,العلوم السياسية,السنة الثالثة
893,سارة,عاشور,الرياضيات التطبيقية,السنة الثانية
894,يوسف,قريشي,الإلكترونيات,السنة الرابعة
895,محمد,سليماني,الهندسة المدنية,السنة الثالثة
896,فاطمة,عبد القادر,العلوم السياسية,السنة الأولى
897,محمد,بوخاري,الإلكترونيات,السنة الثانية
898,ياسمين,حمودي,الذكاء الاصطناعي,السنة الأولى
899,مروان,عبد القادر,اللغة العربية,السنة الأولى
900,يوسف,عاشور,الرياضيات التطبيقية,السنة الرابعة
901,ياسمين,بن حسان,نظم المعلومات,السنة الأولى
902,محمد,بوخاري,الذكاء الاصطناعي,السنة الثانية
903,خديجة,بوشارب,الرياضيات التطبيقية,السنة الثالثة
904,سارة,بوطالب,الهندسة المدنية,السنة الثانية
905,خديجة,قريشي,الرياضيات التطبيقية,السنة الثالثة
906,خديجة,قاسمي,نظم المعلومات,السنة الثالثة
907,خديجة,دوادي,الرياضيات التطبيقية,السنة الثالثة
908,مروان,بن حسان,الحقوق,السنة الثالثة
909,سمير,براهيمي,الذكاء الاصطناعي,السنة الأولى
910,سارة,بوشارب,علوم الحاسوب,السنة الرابعة
911,هند,زاوي,الذكاء الاصطناعي,السنة الأولى
912,خديجة,بن عيسى,الإلكترونيات,السنة الثانية
913,أنور,دوادي,الهندسة المدنية,السنة الرابعة
914,إيناس,مرابط,علوم الحاسوب,السنة الثانية
915,هند,بوطالب,الاقتصاد,السنة الأولى
916,ليلى,دوادي,الرياضيات التطبيقية,السنة الثالثة
917,أمين,براهيمي,علوم الحاسوب,السنة الرابعة
918,أمين,بلعربي,الإلكترونيات,السنة الأولى
919,مروان,بوخاري,الاقتصاد,السنة الأولى
920,محمد,براهيمي,الهندسة المدنية,السنة الثالثة
921,محمد,بولعراس,علوم الحاسوب,السنة الرابعة
922,أمين,مرابط,اللغة العربية,السنة الأولى
923,يوسف,براهيمي,الاقتصاد,السنة الثالثة
924,مروان,مرابط,الرياضيات التطبيقية,السنة الثانية
925,آمنة,بن عيسى,الإلكترونيات,السنة الأولى
926,مروان,بوشارب,الحقوق,السنة الثانية
927,نور,براهيمي,الإلكترونيات,السنة الثانية
928,عبد الله,بوخدة,علوم الحاسوب,السنة الأولى
929,نور,بوخاري,العلوم السياسية,السنة الثالثة
930,ياسمين,بوخدة,الإلكترونيات,السنة الأولى
931,يوسف,بن حسان,العلوم السياسية,السنة الأولى
932,ليلى,بوخدة,الهندسة المدنية,السنة الثانية
933,ليلى,بوخدة,الإلكترونيات,السنة الرابعة
934,كريم,بن عيسى,الإلكترونيات,السنة الرابعة
935,نور,حمودي,الذكاء الاصطناعي,السنة الثانية
936,سليم,براهيمي,الذكاء الاصطناعي,السنة الثانية
937,مروان,براهيمي,اللغة العربية,السنة الأولى
938,سليم,بن عيسى,الاقتصاد,السنة الثالثة
939,هند,بوخدة,نظم المعلومات,السنة الثالثة
940,أنور,بن حسان,الرياضيات التطبيقية,السنة الثانية
941,أنور,عاشور,نظم المعلومات,السنة الرابعة
942,أمين,تومي,الحقوق,السنة الرابعة
943,أمين,سليماني,الإلكترونيات,السنة الرابعة
944,عبد الله,سليماني,الاقتصاد,السنة الرابعة
945,آمنة,بن حسان,نظم المعلومات,السنة الثالثة
946,أمين,دوادي,العلوم السياسية,السنة الثالثة
947,مروان,زاوي,الهندسة المدنية,السنة الأولى
948,إيناس,قريشي,نظم المعلومات,السنة الثانية
949,عبد الله,بن حسان,الإلكترونيات,السنة الثانية
950,أنور,مرابط,الإلكترونيات,السنة الثالثة
951,ياسمين,بوشارب,الإلكترونيات,السنة الثانية
952,فاطمة,قاسمي,نظم المعلومات,السنة الثالثة
953,فاطمة,قاسمي,الهندسة المدنية,السنة الرابعة
954,أحمد,بلعربي,الذكاء الاصطناعي,السنة الأولى
955,مروان,عبد القادر,الإلكترونيات,السنة الثالثة
956,مروان,بوخدة,العلوم السياسية,السنة الرابعة
957,أحمد,عبد القادر,الهندسة المدنية,السنة الأولى
958,سارة,تومي,الذكاء الاصطناعي,السنة الثالثة
959,سمير,بوخدة,الاقتصاد,السنة الرابعة
960,يوسف,قريشي,نظم المعلومات,السنة الثانية
961,ياسمين,بوشارب,الحقوق,السنة الثالثة
962,آمنة,بولعراس,العلوم السياسية,السنة الأولى
963,سعاد,بلعربي,الذكاء الاصطناعي,السنة الرابعة
964,أنور,سليماني,الهندسة المدنية,السنة الثالثة
965,فاطمة,بن حسان,الإلكترونيات,السنة الرابعة
966,سليم,دوادي,الهندسة المدنية,السنة الثالثة
967,نور,بن حسان,اللغة العربية,السنة الثانية
968,يوسف,مرابط,العلوم السياسية,السنة الأولى
969,خديجة,بن عيسى,اللغة العربية,السنة الأولى
970,سليم,بوخدة,اللغة العربية,السنة الثانية
971,ياسمين,بن عيسى,علوم الحاسوب,السنة الثانية
972,يوسف,عبد القادر,الاقتصاد,السنة الرابعة
973,سارة,قاسمي,الذكاء الاصطناعي,السنة الثالثة
974,مروان,بوشارب,علوم الحاسوب,السنة الثالثة
975,كريم,عاشور,الرياضيات التطبيقية,السنة الثانية
976,يوسف,زاوي,الرياضيات التطبيقية,السنة الأولى
977,كريم,عبد القادر,الهندسة المدنية,السنة الرابعة
978,هند,تومي,العلوم السياسية,السنة الثالثة
979,سليم,بن يوسف,العلوم السياسية,السنة الرابعة
980,أنور,بلعربي,نظم المعلومات,السنة الثالثة
981,محمد,بن عيسى,الحقوق,السنة الثانية
982,أمين,بلعربي,الإلكترونيات,السنة الرابعة
983,سعاد,بن حسان,الذكاء الاصطناعي,السنة الأولى
984,مروان,سليماني,الحقوق,السنة الأولى
985,أمين,عبد القادر,الهندسة المدنية,السنة الأولى
986,إيناس,بوخاري,الإلكترونيات,السنة الأولى
987,عبد الله,سليماني,الهندسة المدنية,السنة الأولى
988,نور,بوشارب,نظم المعلومات,السنة الثانية
989,سليم,عاشور,الرياضيات التطبيقية,السنة الثانية
990,سليم,سليماني,الإلكترونيات,السنة الثالثة
991,أنور,براهيمي,الاقتصاد,السنة الثالثة
992,آمنة,بولعراس,نظم المعلومات,السنة الأولى
993,سليم,عبد القادر,الذكاء الاصطناعي,السنة الثالثة
994,ليلى,عبد القادر,اللغة العربية,السنة الرابعة
995,خديجة,بن حسان,الاقتصاد,السنة الأولى
996,خديجة,تومي,علوم الحاسوب,السنة الأولى
997,أنور,دوادي,اللغة العربية,السنة الأولى
998,إيناس,دوادي,العلوم السياسية,السنة الثانية
999,سعاد,براهيمي,الذكاء الاصطناعي,السنة الرابعة
1000,أحمد,عبد القادر,نظم المعلومات,السنة الثالثة
